Timestamp,1.  Do you use Video Streaming Platform?,2. How frequently you watch or stream online platforms ?,3. Which of the following Video Streaming Platform do you currently use?,4. What do you watch the most on video streaming platform? ,5. Which type of web series or movies do you prefer most?,6.  Have you watch or familiar with these original web series of Netflix.,7. Have you watch or familiar with these original web series of Amazon  Prime.,8. Have you watch or familiar with these original web series of Hotstar.,9. Have you watch or familiar with these original web series of Hulu.,10. What is your age?,11. From where did you get the idea of these web series.,12. On what basis you frequently choose your movies or web series.,13. How long you are using these video streaming platforms.,14. Choose the features which you think is essential on your streaming platforms.,15. How was your overall experience of video streaming platforms according to original web series.,16. Would you like to give any suggestion for the improvement.
3/1/2021 16:41,Yes,Once or twice in a week,"Netflix, Prime, Hotstar","Original web series, Others","Comedy, Others","Money Heist, Standup Comedy","Tandav, Standup Comedy , The Family man   , Panchayat.",None of the above,None of the above,18-30,"Family/Friends Recommendation, Social Media","Cast, Story",Between 1 and 2 years,"Recommendation, Ease of use",Good,"Yes, faster next season."
3/1/2021 19:44,Yes,Monthly,"Netflix, Prime",Movies,"Action, Drama, Comedy",Money Heist,"Standup Comedy , The Family man   , Panchayat.",None of the above,The Ultimate Playlist of Noise,18-30,"Family/Friends Recommendation, Social Media","Story, Director",Less than 1 year,"Search option, Recommendation",Excellent,No
3/1/2021 20:44,Yes,Daily,"Netflix, Prime, Hotstar, Hulu","Original web series, Movies, Documentaries, Sports and News","Action, Drama, Comedy, Horror","Sacred Games, 13 Reasons Why, The Witcher, Money Heist","Mirzapur, Made in heaven, Tandav, Breath into the shadow ","Special OPS, Hostages, Criminal Justice, Arya","Helstorm, Monsterland, Woke, The Ultimate Playlist of Noise, None of the above",18-30,"Family/Friends Recommendation, Television, Social Media",Story,Between 1 and 2 years,"Search option, Recommendation",Excellent,Nothing
3/1/2021 20:45,Yes,Daily,Hulu,"Movies, Sports and News",Action,"13 Reasons Why, The Witcher","Made in heaven, Tandav, Breath into the shadow ","Hostages, Arya","Monsterland, None of the above",18-30,"Television, Social Media","Cast, Director",More than 2 years,Ease of use,Excellent,Nothing
3/2/2021 21:06,Yes,Daily,"Netflix, Prime, Hotstar, Zee5","Original web series, Movies, Documentaries, Sports and News","Action, Drama, Comedy","Sacred Games, 13 Reasons Why, The Witcher, Money Heist, Cursed","Mirzapur, Made in heaven, Tandav, Breath into the shadow , Bandish Bandits","Special OPS, Hostages, Criminal Justice, Arya, 1962",None of the above,18-30,"Family/Friends Recommendation, Television, Social Media","Cast, Story",More than 2 years,"Recommendation, Ease of use",Excellent,Need more web series like Money Heist
3/3/2021 10:53,Yes,Daily,"Hotstar, Zee5","Movies, Others","Action, Drama, Comedy, Horror, Others","13 Reasons Why, Cursed","Mirzapur, Breath into the shadow ","Hostages, Criminal Justice, 1962",Monsterland,18-30,Family/Friends Recommendation,Story,Between 1 and 2 years,"Search option, Recommendation, Ease of use, Accessibility",Excellent,I think ðŸ¤” no 
3/3/2021 11:17,Yes,Daily,Hotstar,"Original web series, Movies","Action, Drama, Comedy, Others",13 Reasons Why,Made in heaven,"Hostages, Criminal Justice",None of the above,18-30,"Television, Social Media","Cast, Story",More than 2 years,"Recommendation, Ease of use",Good,No
3/3/2021 11:24,Yes,Daily,Netflix,Original web series,"Action, Drama, Comedy, Horror, Others","Sacred Games, The Witcher, Money Heist",Breath into the shadow ,"Special OPS, Hostages, Criminal Justice, Arya","Helstorm, Monsterland, Woke, The Ultimate Playlist of Noise",18-30,"Family/Friends Recommendation, Television",Story,More than 2 years,Ease of use,Excellent,"Yes , There is no Maharashtrian series has been added by you , please do this .Thanks ! "
3/3/2021 11:28,Yes,Daily,"Netflix, Prime, Hotstar","Original web series, Movies, Documentaries, Sports and News, Others","Action, Drama, Comedy, Horror, Others","The Witcher, Lucifer",Legacies,"Criminal Justice, Arya, Roar of the lion, City of dreams",None of the above,18-30,"Family/Friends Recommendation, Television, Social Media","Cast, Story",Between 1 and 2 years,"Search option, Recommendation, Ease of use",Good,Less time gap between seasons
3/3/2021 11:46,Yes,Once or twice in a week,Netflix,Original web series,Comedy,None of the above,None of the above,None of the above,None of the above,18-30,Social Media,Story,Less than 1 year,Search option,Fair,No suggestions
3/3/2021 11:46,Yes,Daily,Netflix,"Original web series, Documentaries","Drama, Comedy, Horror","Sacred Games, Lucifer","Mirzapur, Tandav","Special OPS, Hostages, Criminal Justice","Helstorm, Monsterland, The Ultimate Playlist of Noise",18-30,Social Media,Story,More than 2 years,Recommendation,Excellent,Present the untold stories
3/3/2021 12:31,Yes,Once or twice in a week,Prime,"Original web series, Movies, Documentaries, Sports and News, Others","Action, Drama, Comedy, Horror, Others","Sacred Games, The Witcher","Mirzapur, Tandav","Special OPS, Hostages, Criminal Justice",None of the above,18-30,"Family/Friends Recommendation, Social Media","Cast, Story",Between 1 and 2 years,Search option,Good,NO 
3/3/2021 13:22,Yes,Once or twice in a week,Hotstar,"Original web series, Movies, Sports and News","Action, Drama, Comedy, Horror, Others",None of the above,Mirzapur,"Special OPS, Hostages, Criminal Justice",None of the above,18-30,Social Media,Story,Less than 1 year,Search option,Good,no
3/3/2021 15:20,Yes,Monthly,Netflix,Documentaries,"Action,Drama",The Witcher,None of the above,None of the above,None of the above,31-50,Family/Friends Recommendation,Director,More than 2 years,Accessibility,Improvement Needed,m
3/3/2021 15:43,Yes,Daily,"Netflix, Prime, Hotstar, Zee5","Original web series, Movies, Documentaries, Sports and News, Others","Action, Drama, Comedy, Horror, Others","Sacred Games, 13 Reasons Why, The Witcher, Lucifer","Mirzapur, Made in heaven, The The Family man   ","Hostages, Criminal Justice",None of the above,18-30,"Family/Friends Recommendation, Social Media","Cast, Story",Between 1 and 2 years,"Search option, Recommendation, Ease of use",Good,Untold stories
3/3/2021 15:50,Yes,Monthly,Netflix,Original web series,"Drama, Comedy, Horror","Sacred Games, 13 Reasons Why, Money Heist",Mirzapur,"Hostages, Criminal Justice",None of the above,18-30,Social Media,"Cast, Story",Between 1 and 2 years,Recommendation,Good,Nothing
3/3/2021 16:06,Yes,Once or twice in a week,Netflix,Original web series,"Action, Comedy, Horror","Sacred Games, 13 Reasons Why, Money Heist","Mirzapur, Tandav","Special OPS, Criminal Justice",None of the above,18-30,"Family/Friends Recommendation, Social Media",Story,More than 2 years,"Search option, Recommendation, Ease of use, Accessibility",Good,No
3/3/2021 16:37,Yes,Monthly,"Netflix, Prime, Hotstar","Original web series, Movies","Action, Horror",Money Heist,Mirzapur,Criminal Justice,None of the above,18-30,Family/Friends Recommendation,Story,Between 1 and 2 years,Search option,Good,No
3/3/2021 16:50,Yes,Once or twice in a week,"Netflix, Prime, Hotstar","Original web series, Documentaries","Action, Horror","Sacred Games, 13 Reasons Why, The Witcher, Money Heist","Mirzapur, Made in heaven, Tandav, Breath into the shadow ","Special OPS, Hostages, Criminal Justice, Arya","Helstorm, Monsterland, Woke, The Ultimate Playlist of Noise",18-30,"Family/Friends Recommendation, Social Media",Story,More than 2 years,"Search option, Recommendation",Excellent,No
3/3/2021 17:11,Yes,Monthly,"Netflix, Hotstar","Original web series, Movies","Comedy, Horror","Sacred Games, Money Heist","Mirzapur, Tandav","Special OPS, Criminal Justice",None of the above,18-30,"Family/Friends Recommendation, Television","Cast, Story",More than 2 years,Recommendation,Good,No
3/3/2021 17:36,Yes,Monthly,Hotstar,"Original web series, Movies","Drama, Horror",None of the above,Mirzapur,Hostages,None of the above,18-30,Social Media,Cast,Less than 1 year,Search option,Good,No
3/3/2021 17:54,Yes,Once or twice in a week,Hotstar,Sports and News,Action,None of the above,Mirzapur,Special OPS,None of the above,18-30,Family/Friends Recommendation,Story,Less than 1 year,Accessibility,Good,No
3/3/2021 18:37,Yes,Daily,Prime,Original web series,"Action, Others",Sacred Games,Mirzapur,"Special OPS, Hostages, Arya",None of the above,18-30,"Family/Friends Recommendation, Social Media","Cast, Story",More than 2 years,"Search option, Ease of use",Excellent,Add more options
3/3/2021 18:37,Yes,Once or twice in a week,"Netflix, Hotstar",Original web series,"Drama, Comedy",None of the above,Mirzapur,None of the above,None of the above,18-30,Family/Friends Recommendation,Story,Between 1 and 2 years,Search option,Fair,No
3/3/2021 18:49,Yes,Once or twice in a week,Netflix,Original web series,Horror,13 Reasons Why,Mirzapur,None of the above,None of the above,18-30,Social Media,Story,Between 1 and 2 years,Accessibility,Good,No
3/3/2021 19:47,Yes,Once or twice in a week,Hotstar,Movies,"Action, Drama, Comedy, Horror",13 Reasons Why,Mirzapur,Criminal Justice,None of the above,18-30,Social Media,Story,More than 2 years,Search option,Good,No
3/3/2021 21:06,Yes,Monthly,"Netflix, Hotstar","Original web series, Sports and News","Comedy, Horror",None of the above,"Mirzapur, Tandav",None of the above,None of the above,18-30,Social Media,Story,Between 1 and 2 years,"Search option, Recommendation, Ease of use, Accessibility",Good,No
3/3/2021 21:07,Yes,Once or twice in a week,"Netflix, Prime, Hotstar","Original web series, Movies","Action, Drama, Comedy, Horror","Sacred Games, The Witcher, Money Heist","Mirzapur, Made in heaven, Tandav, Breath into the shadow ","Hostages, Criminal Justice",None of the above,18-30,"Family/Friends Recommendation, Television, Social Media","Cast, Story",More than 2 years,"Search option, Recommendation",Excellent,NA
3/3/2021 21:09,Yes,Once or twice in a week,"Netflix, Prime","Original web series, Movies","Action, Comedy, Horror","Sacred Games, 13 Reasons Why, Money Heist",Mirzapur,None of the above,None of the above,18-30,Family/Friends Recommendation,Story,Between 1 and 2 years,Recommendation,Good,No
3/3/2021 21:10,Yes,Once or twice in a week,"Netflix, Prime",Original web series,"Comedy, Others",Guilty ,"Mirzapur, Tandav",None of the above,None of the above,18-30,"Family/Friends Recommendation, Television, Social Media",Story,Between 1 and 2 years,Ease of use,Good,Price should be lowered.
3/3/2021 21:50,Yes,Once or twice in a week,"Netflix, Hotstar","Original web series, Movies, Sports and News","Action, Drama, Comedy, Others","Sacred Games, 13 Reasons Why","Mirzapur, Made in heaven, Tandav, Breath into the shadow ","Special OPS, Hostages, Criminal Justice, Arya","Monsterland, Woke",18-30,"Television, Social Media","Cast, Story, Director",Between 1 and 2 years,"Search option, Recommendation, Ease of use, Accessibility",Excellent,No
3/3/2021 22:21,Yes,Daily,"Netflix, Prime, Hotstar, Hulu, Thop tv, telegram etc","Original web series, Movies","Action, Drama, Horror","Sacred Games, 13 Reasons Why, The Witcher, Money Heist","Mirzapur, Tandav",None of the above,None of the above,18-30,"Family/Friends Recommendation, Television, Social Media",Story,More than 2 years,Ease of use,Excellent,No its all good 
3/3/2021 22:22,Yes,Daily,Youtube,Original web series,"Action, Drama, Comedy",None of the above,"Mirzapur, Breath into the shadow ","Hostages, Arya",None of the above,18-30,"Family/Friends Recommendation, Television, Social Media","Cast, Story",More than 2 years,Search option,Excellent,Nothing to suggest 
3/3/2021 22:23,Yes,Daily,Hotstar,Sports and News,Action,None of the above,None of the above,None of the above,None of the above,18-30,Family/Friends Recommendation,Story,Between 1 and 2 years,Search option,Excellent,Nothing 
3/3/2021 22:24,Yes,Daily,Hotstar,"Original web series, Movies, Sports and News",Comedy,None of the above,None of the above,None of the above,None of the above,18-30,"Family/Friends Recommendation, Social Media",Story,Between 1 and 2 years,"Search option, Ease of use",Good,No
3/3/2021 22:24,Yes,Daily,Prime,"Original web series, Movies","Action, Drama, Comedy, Horror, Others",None of the above,"Mirzapur, Made in heaven, Breath into the shadow ",None of the above,None of the above,18-30,Social Media,"Cast, Story, Director",Between 1 and 2 years,"Search option, Recommendation, Ease of use, Accessibility",Improvement Needed,It's very difficult to find out the movies
3/3/2021 22:24,Yes,Daily,Prime,Original web series,"Action, Drama, Comedy, Horror, Others",None of the above,"Mirzapur, Made in heaven, Breath into the shadow ",None of the above,None of the above,18-30,Social Media,"Cast, Story, Director",Between 1 and 2 years,"Search option, Recommendation, Ease of use, Accessibility",Improvement Needed,It's very difficult to find out the movies
3/3/2021 22:26,Yes,Daily,Hotstar,"Original web series, Movies, Sports and News","Drama, Comedy",None of the above,None of the above,None of the above,None of the above,18-30,"Family/Friends Recommendation, Social Media",Story,Between 1 and 2 years,"Search option, Ease of use",Good,No
3/3/2021 22:37,Yes,Daily,"Prime, Hotstar",Others,"Comedy, Horror",None of the above,Mirzapur,"Hostages, Arya",None of the above,18-30,"Family/Friends Recommendation, Television",Story,More than 2 years,Accessibility,Good,Nothing
3/3/2021 22:39,Yes,Daily,Netflix,Movies,Others,Sacred Games,Breath into the shadow ,Criminal Justice,None of the above,18-30,Family/Friends Recommendation,Story,More than 2 years,Accessibility,Good,No
3/3/2021 22:40,Yes,Daily,Prime,Movies,Drama,Money Heist,Tandav,Arya,None of the above,18-30,Family/Friends Recommendation,Story,Less than 1 year,"Recommendation, Accessibility",Good,16
3/3/2021 22:54,Yes,Once or twice in a week,"Netflix, Prime, Hotstar","Original web series, Movies, Documentaries","Action, Comedy, Horror","Sacred Games, 13 Reasons Why, Money Heist","Mirzapur, Made in heaven, Tandav, Bandish Bandits","Special OPS, Hostages, Arya",None of the above,18-30,Advertisement Banner,Story,Between 1 and 2 years,"Recommendation, Ease of use",Good,I would like to suggest that all the online streaming platform should provide content or we can say web series in different different languages so that people tend to watch more web show i.e web series. 
3/4/2021 9:34,Yes,Daily,Hotstar,"Movies, Others","Action, Drama, Comedy",Sacred Games,Tandav,Arya,None of the above,18-30,"Family/Friends Recommendation, Social Media",Story,Less than 1 year,Recommendation,Good,No 
3/4/2021 17:08,Yes,Daily,"Netflix, Hotstar","Movies, Sports and News","Action, Horror","Sacred Games, 13 Reasons Why, Money Heist","Mirzapur, Tandav","Hostages, Criminal Justice","Monsterland, The Ultimate Playlist of Noise",18-30,Family/Friends Recommendation,Story,Between 1 and 2 years,"Search option, Recommendation",Improvement Needed,No thankyou
3/4/2021 19:23,Yes,Once or twice in a week,"Netflix, Prime, Hotstar","Original web series, Movies","Action, Horror, Others","Sacred Games, Money Heist",Mirzapur,Hostages,None of the above,18-30,Family/Friends Recommendation,Story,Between 1 and 2 years,Search option,Good,Make it free
3/5/2021 14:04,Yes,Daily,"Netflix, Prime, Hotstar","Original web series, Movies, Sports and News","Action, Drama, Comedy, Horror, Others",Sacred Games,Mirzapur,Arya,None of the above,18-30,"Family/Friends Recommendation, Social Media",Story,More than 2 years,"Search option, Recommendation, Ease of use",Good,Improve feature of web series
3/5/2021 14:08,Yes,Daily,"Netflix, Prime, Hotstar","Original web series, Movies, Documentaries, Sports and News","Action, Drama, Comedy, Horror, Others","Sacred Games, 13 Reasons Why, The Witcher, Money Heist","Mirzapur, Made in heaven, Tandav, Breath into the shadow ","Special OPS, Hostages, Criminal Justice, Arya","Helstorm, Monsterland, Woke, The Ultimate Playlist of Noise",18-30,"Family/Friends Recommendation, Television, Social Media","Cast, Story",More than 2 years,"Search option, Recommendation, Ease of use",Excellent,Improve of action and drama and comedy also
3/5/2021 17:01,Yes,Daily,Netflix,Original web series,Others,"Sacred Games, Money Heist",Mirzapur,"Special OPS, Hostages",None of the above,18-30,"Family/Friends Recommendation, Social Media",Story,Less than 1 year,Recommendation,Excellent,NA
3/5/2021 17:02,Yes,Once or twice in a week,Netflix,"Original web series, Movies, Documentaries","Action, Comedy","Sacred Games, Money Heist",Mirzapur,Special OPS,None of the above,18-30,Family/Friends Recommendation,Story,More than 2 years,"Search option, Recommendation, Ease of use, Accessibility",Excellent,..
3/5/2021 17:09,Yes,Once or twice in a week,Hotstar,Sports and News,Action,None of the above,Mirzapur,Arya,Helstorm,18-30,Television,Director,More than 2 years,Accessibility,Excellent,No
3/5/2021 17:12,Yes,Daily,Youtube,Others,"Action, Drama, Comedy",None of the above,None of the above,None of the above,None of the above,18-30,Social Media,Story,More than 2 years,Search option,Good,NA
3/5/2021 17:15,Yes,Daily,"Netflix, Prime, Hotstar","Original web series, Movies, Documentaries","Action, Comedy, Horror","Sacred Games, The Witcher, Money Heist","Mirzapur, Tandav","Special OPS, Hostages, Arya","Helstorm, Woke, The Ultimate Playlist of Noise",18-30,"Family/Friends Recommendation, Social Media","Cast, Story",More than 2 years,"Search option, Recommendation, Accessibility",Excellent,No
3/5/2021 17:16,Yes,Once or twice in a week,"Prime, Hotstar","Original web series, Movies","Action, Drama, Comedy",None of the above,"Mirzapur, Tandav",None of the above,None of the above,18-30,"Family/Friends Recommendation, Social Media","Cast, Story",More than 2 years,"Search option, Recommendation, Ease of use, Accessibility",Good,I would just give one suggestion please allow cast screen on television.
3/5/2021 17:17,Yes,Daily,"Netflix, Prime","Original web series, Movies","Action, Comedy",13 Reasons Why,"Mirzapur, Made in heaven, Tandav","Special OPS, Criminal Justice","Helstorm, Woke",18-30,Social Media,"Story, Director",Between 1 and 2 years,Recommendation,Excellent,No
3/5/2021 17:18,Yes,Monthly,Hotstar,"Original web series, Documentaries",Action,Money Heist,Mirzapur,None of the above,None of the above,18-30,Family/Friends Recommendation,Story,None,Search option,Improvement Needed,NA
3/5/2021 17:24,Yes,Daily,"Netflix, Prime, Hotstar","Original web series, Movies, Others","Drama, Horror, Others","Sacred Games, 13 Reasons Why","Mirzapur, Tandav","Hostages, Arya",None of the above,18-30,Social Media,"Cast, Story",More than 2 years,Search option,Good,Nil
3/5/2021 17:28,Yes,Once or twice in a week,"Netflix, Prime, Hotstar","Original web series, Movies, Sports and News","Action, Drama, Comedy","Sacred Games, 13 Reasons Why, Money Heist","Mirzapur, Tandav","Special OPS, Hostages, Criminal Justice",None of the above,18-30,"Family/Friends Recommendation, Social Media","Cast, Story",More than 2 years,"Search option, Recommendation",Excellent,No this is already very Awesome
3/5/2021 17:41,Yes,Daily,Prime,"Original web series, Movies, Sports and News","Action, Drama, Comedy",Sacred Games,Mirzapur,Special OPS,None of the above,18-30,Social Media,"Cast, Story",Between 1 and 2 years,"Search option, Recommendation",Good,No any suggestion
3/5/2021 17:42,Yes,Daily,Hotstar,Original web series,Comedy,Money Heist,Breath into the shadow ,Special OPS,Woke,18-30,"Family/Friends Recommendation, Social Media",Director,More than 2 years,Ease of use,Excellent,Yes
3/5/2021 17:45,Yes,Daily,"Netflix, Prime, Hotstar","Original web series, Movies, Documentaries, Sports and News","Action, Drama, Comedy, Horror, Others",Sacred Games,"Mirzapur, Tandav","Special OPS, Hostages, Criminal Justice",Helstorm,less than 18,Social Media,Story,Between 1 and 2 years,Recommendation,Excellent,Nothing
3/5/2021 18:47,Yes,Daily,"Prime, Hotstar","Original web series, Movies","Action, Drama, Comedy, Others","Sacred Games, 13 Reasons Why, The Witcher, Money Heist","Mirzapur, Tandav","Special OPS, Hostages, Criminal Justice",None of the above,18-30,Social Media,"Cast, Story",Between 1 and 2 years,"Recommendation, Ease of use",Good,nope
3/5/2021 18:52,Yes,Monthly,"Netflix, Hotstar",Original web series,"Action, Drama, Horror",13 Reasons Why,Mirzapur,"Criminal Justice, Arya",None of the above,18-30,"Family/Friends Recommendation, Social Media",Story,Between 1 and 2 years,Recommendation,Excellent,No 
3/5/2021 19:25,Yes,Daily,Prime,"Original web series, Documentaries, Sports and News","Action, Comedy, Horror","Sacred Games, Money Heist","Mirzapur, Made in heaven, Breath into the shadow ","Special OPS, Hostages, Criminal Justice",None of the above,18-30,Family/Friends Recommendation,Story,More than 2 years,Ease of use,Excellent,None
3/5/2021 20:05,Yes,Daily,"Netflix, Prime","Original web series, Movies","Action, Comedy",Sacred Games,Mirzapur,Criminal Justice,Monsterland,18-30,Family/Friends Recommendation,Story,Between 1 and 2 years,Search option,Excellent,Better
3/5/2021 21:45,Yes,Once or twice in a week,Hotstar,"Movies, Sports and News","Action, Comedy","Sacred Games, 13 Reasons Why",Mirzapur,Criminal Justice,None of the above,18-30,Family/Friends Recommendation,"Cast, Story",More than 2 years,"Recommendation, Ease of use",Good,Nothing
3/5/2021 22:06,Yes,Daily,"Prime, Hotstar",Original web series,Others,Sacred Games,"Mirzapur, Tandav",None of the above,None of the above,18-30,Social Media,Director,Less than 1 year,Ease of use,Excellent,Nice
3/5/2021 23:19,Yes,Once or twice in a week,"Netflix, Prime","Original web series, Movies, Documentaries","Comedy, Horror, Others","Sacred Games, 13 Reasons Why, The Witcher, Money Heist","Mirzapur, Made in heaven, Tandav","Special OPS, Hostages, Arya",None of the above,18-30,"Family/Friends Recommendation, Television, Social Media","Cast, Story",Between 1 and 2 years,"Search option, Recommendation",Excellent,No
3/6/2021 5:03,Yes,Once or twice in a week,Hotstar,"Original web series, Movies","Comedy, Horror",13 Reasons Why,"Mirzapur, Tandav","Hostages, Arya",None of the above,18-30,Family/Friends Recommendation,"Cast, Story",Between 1 and 2 years,"Search option, Ease of use, Accessibility",Fair,Stop posting irritating ads in between frequently
3/6/2021 14:01,Yes,Once or twice in a week,"Netflix, Hotstar",Original web series,Comedy,None of the above,Mirzapur,Criminal Justice,None of the above,18-30,Family/Friends Recommendation,Story,Less than 1 year,Ease of use,Fair,Not much
3/6/2021 14:37,Yes,Daily,"Netflix, Prime, Hotstar",Original web series,"Action, Drama, Comedy, Horror, Others","Sacred Games, 13 Reasons Why","Mirzapur, Tandav","Special OPS, Criminal Justice",None of the above,18-30,"Family/Friends Recommendation, Social Media",Story,Between 1 and 2 years,"Search option, Recommendation",Fair,None
3/6/2021 19:32,Yes,Once or twice in a week,Hotstar,Original web series,Comedy,None of the above,None of the above,"Hostages, Criminal Justice, Arya",None of the above,18-30,Social Media,Story,None,Recommendation,Good,No 
3/6/2021 22:46,Yes,Daily,"Netflix, Prime, Hotstar","Original web series, Movies, Documentaries","Action, Drama","Sacred Games, 13 Reasons Why, Money Heist","Mirzapur, Breath into the shadow ","Special OPS, Hostages, Arya",None of the above,18-30,Family/Friends Recommendation,"Cast, Story, Director",More than 2 years,"Search option, Recommendation, Ease of use, Accessibility",Excellent,Please add more description
3/6/2021 22:47,Yes,Once or twice in a week,Prime,Original web series,Action,Sacred Games,Mirzapur,Special OPS,The Ultimate Playlist of Noise,18-30,Family/Friends Recommendation,Director,Between 1 and 2 years,Recommendation,Good,Good
3/6/2021 22:50,Yes,Daily,"Netflix, Prime, Hotstar",Movies,Horror,Stranger things. ,Made in heaven,"Hostages, Criminal Justice",None of the above,18-30,Self preference,"Cast, Story",More than 2 years,"Search option, Recommendation, Ease of use, Accessibility",Improvement Needed,Famous stuff are not available
3/8/2021 21:04,Yes,Daily,"Prime, Hotstar",Original web series,"Action, Drama, Comedy, Others",None of the above,"Mirzapur, Made in heaven","Hostages, Criminal Justice",None of the above,18-30,"Family/Friends Recommendation, Social Media",Story,More than 2 years,"Search option, Recommendation, Ease of use",Excellent,Need more web series
3/8/2021 21:06,Yes,Once or twice in a week,Hotstar,Original web series,Drama,None of the above,None of the above,"Arya, City of dreams",None of the above,31-50,"Television, Social Media","Cast, Story",Less than 1 year,"Search option, Ease of use",Excellent,No
3/8/2021 21:07,Yes,Once or twice in a week,"Prime, Hotstar","Original web series, Movies, Others","Drama, Comedy",None of the above,"Mirzapur, Tandav","Hostages, Criminal Justice, Arya",None of the above,18-30,"Family/Friends Recommendation, Television, Social Media","Cast, Story",Less than 1 year,"Search option, Recommendation, Ease of use",Good,None
3/9/2021 16:49,Yes,Daily,"Netflix, Prime, Hotstar",Original web series,"Action, Drama","Sacred Games, 13 Reasons Why, The Witcher","Mirzapur, Tandav",Criminal Justice,Monsterland,31-50,"Family/Friends Recommendation, Social Media","Cast, Story",More than 2 years,Recommendation,Good,No
3/9/2021 16:51,Yes,Once or twice in a week,Netflix,Original web series,"Action, Drama, Horror","Sacred Games, 13 Reasons Why, The Witcher, Money Heist",Mirzapur,None of the above,"Helstorm, Monsterland",31-50,Social Media,"Cast, Story, Director",More than 2 years,"Search option, Recommendation",Excellent,Need more web series
3/9/2021 16:53,Yes,Monthly,Hotstar,"Original web series, Movies, Documentaries","Drama, Comedy",None of the above,None of the above,"Arya, City of dreams",None of the above,31-50,"Television, Social Media","Cast, Director",Between 1 and 2 years,Ease of use,Good,..
3/9/2021 16:56,Yes,Daily,"Prime, Hotstar","Original web series, Documentaries","Drama, Others",None of the above,"Mirzapur, Made in heaven, Tandav","Hostages, Criminal Justice, Arya",None of the above,18-30,"Family/Friends Recommendation, Social Media","Cast, Story, Director",Between 1 and 2 years,"Search option, Recommendation",Good,More language availability
3/9/2021 16:57,Yes,Once or twice in a week,"Netflix, Prime","Original web series, Movies","Action, Drama","Sacred Games, 13 Reasons Why, The Witcher, Money Heist","Mirzapur, Made in heaven, Tandav, Breath into the shadow ",Arya,"Woke, The Ultimate Playlist of Noise",18-30,Social Media,"Cast, Story",More than 2 years,Recommendation,Good,.
3/9/2021 17:01,Yes,Daily,"Netflix, Prime, Hotstar, Hulu",Original web series,"Action, Drama, Comedy, Horror","13 Reasons Why, The Witcher, Money Heist","Mirzapur, Made in heaven","Special OPS, Criminal Justice","Helstorm, Monsterland, The Ultimate Playlist of Noise",18-30,"Family/Friends Recommendation, Social Media","Cast, Story, Director",More than 2 years,Recommendation,Excellent,No
3/9/2021 17:02,Yes,Daily,"Netflix, Prime",Original web series,"Action, Drama","13 Reasons Why, The Witcher","Mirzapur, Tandav",Hostages,Monsterland,18-30,Social Media,Story,More than 2 years,Recommendation,Good,No
3/9/2021 18:20,Yes,Once or twice in a week,Hotstar,"Original web series, Movies","Action, Drama, Comedy, Horror, Others","Sacred Games, 13 Reasons Why, The Witcher","Mirzapur, Made in heaven, Tandav",Hostages,Monsterland,18-30,"Family/Friends Recommendation, Social Media","Cast, Story",Less than 1 year,Search option,Good,New series
3/9/2021 18:25,Yes,Daily,"Netflix, Hotstar",Original web series,"Action, Horror","13 Reasons Why, The Witcher, Money Heist",Mirzapur,"Hostages, Criminal Justice, Arya",None of the above,18-30,"Family/Friends Recommendation, Social Media","Cast, Story",Less than 1 year,Recommendation,Good,Takes long time to release next season
3/9/2021 18:31,Yes,Once or twice in a week,"Netflix, Prime, Hotstar",Original web series,"Action, Drama","Sacred Games, 13 Reasons Why, Money Heist","Mirzapur, Made in heaven, Breath into the shadow ","Hostages, Criminal Justice",None of the above,18-30,"Family/Friends Recommendation, Social Media",Story,Less than 1 year,Recommendation,Good,Nope
3/9/2021 18:35,Yes,Daily,"Netflix, Prime, Hotstar",Original web series,"Action, Comedy","Sacred Games, The Witcher",Mirzapur,"Special OPS, Arya",None of the above,18-30,Social Media,Story,Between 1 and 2 years,Recommendation,Fair,None
3/9/2021 18:45,Yes,Daily,"Netflix, Hotstar",Original web series,Action,"Sacred Games, The Witcher","Mirzapur, Breath into the shadow , Legacies ",None of the above,None of the above,18-30,"Family/Friends Recommendation, Social Media","Cast, Story",Less than 1 year,Recommendation,Good,No
3/9/2021 18:51,Yes,Daily,"Netflix, Hotstar",Original web series,Action,"13 Reasons Why, The Witcher, Money Heist",Mirzapur,"Special OPS, Criminal Justice, Arya",None of the above,18-30,Social Media,Story,Between 1 and 2 years,Recommendation,Good,Yes need more web shows
3/9/2021 18:52,Yes,Once or twice in a week,"Netflix, Prime, Hotstar",Original web series,"Action, Drama","Sacred Games, 13 Reasons Why, The Witcher","Mirzapur, Tandav","Hostages, Criminal Justice, Arya",None of the above,18-30,Family/Friends Recommendation,"Cast, Story",Between 1 and 2 years,"Search option, Recommendation",Good,..
3/9/2021 18:53,Yes,Daily,"Netflix, Hotstar",Original web series,"Action, Comedy","13 Reasons Why, The Witcher",None of the above,"Hostages, Criminal Justice, Arya",None of the above,18-30,Social Media,Story,Less than 1 year,"Search option, Recommendation",Good,N
3/9/2021 18:55,Yes,Daily,"Netflix, Prime, Hotstar","Original web series, Movies, Sports and News","Action, Drama, Comedy",Money Heist   ,"Mirzapur, Made in heaven, Tandav","Hostages, Criminal Justice, Arya",None of the above,18-30,"Family/Friends Recommendation, Social Media","Cast, Story",Less than 1 year,Recommendation,Good,No need
3/9/2021 18:59,Yes,Daily,"Prime, Hotstar","Original web series, Movies, Sports and News","Action, Drama, Comedy",None of the above,Mirzapur,"Hostages, Arya",None of the above,18-30,"Family/Friends Recommendation, Social Media",Story,Less than 1 year,Recommendation,Good,No
3/9/2021 19:00,Yes,Daily,"Netflix, Hotstar",Original web series,Action,"Sacred Games, 13 Reasons Why, The Witcher",Mirzapur,"Special OPS, Hostages, Criminal Justice",None of the above,18-30,"Family/Friends Recommendation, Television, Social Media",Story,Less than 1 year,Recommendation,Good,Yes need more series
3/9/2021 19:01,Yes,Once or twice in a week,Netflix,Original web series,"Action, Drama, Comedy","Sacred Games, 13 Reasons Why, The Witcher, Money Heist",Mirzapur,Arya,Monsterland,18-30,"Family/Friends Recommendation, Social Media",Story,Between 1 and 2 years,"Search option, Recommendation",Fair,No
3/9/2021 19:02,Yes,Daily,"Prime, Hotstar",Original web series,"Action, Drama",None of the above,"Mirzapur, Tandav","Hostages, Arya",None of the above,18-30,"Family/Friends Recommendation, Social Media","Cast, Story",More than 2 years,"Search option, Recommendation",Good,No
3/9/2021 19:03,Yes,Once or twice in a week,"Netflix, Prime","Original web series, Movies",Action,"Sacred Games, 13 Reasons Why","Mirzapur, Tandav",None of the above,None of the above,18-30,Social Media,Story,Less than 1 year,Recommendation,Good,None
3/9/2021 19:04,Yes,Daily,"Prime, Hotstar","Original web series, Movies","Action, Drama, Comedy","13 Reasons Why, The Witcher","Made in heaven, Tandav",None of the above,None of the above,18-30,Social Media,Story,Between 1 and 2 years,"Search option, Recommendation, Ease of use",Good,On
3/10/2021 18:47,Yes,Daily,"Netflix, Prime",Original web series,"Action, Drama, Comedy, Others","Sacred Games, The Witcher, Money Heist, Cursed","Mirzapur, Made in heaven, Tandav",None of the above,None of the above,18-30,"Family/Friends Recommendation, Social Media","Cast, Story, Director",More than 2 years,"Search option, Recommendation",Good,High price
3/10/2021 18:51,Yes,Daily,"Prime, Hotstar",Original web series,"Action, Drama, Comedy",None of the above,"Mirzapur, Made in heaven, Tandav, Jack Rayn,paradise city","Special OPS, Hostages, Criminal Justice, City of dreams,1962",None of the above,18-30,"Family/Friends Recommendation, Television, Social Media",Story,Between 1 and 2 years,"Search option, Recommendation",Good,There are too many advertisement.
3/10/2021 18:53,Yes,Once or twice in a week,Hotstar,"Original web series, Movies, Documentaries","Action, Drama, Comedy, Horror",None of the above,None of the above,"Special OPS, Hostages, Criminal Justice",None of the above,31-50,"Television, Social Media","Cast, Story",Less than 1 year,"Search option, Recommendation, Ease of use",Good,No
3/10/2021 18:55,Yes,Daily,"Netflix, Hotstar","Original web series, Documentaries","Action, Drama, Comedy","Sacred Games, 13 Reasons Why, The Witcher, Money Heist",None of the above,"Special OPS, Hostages, Criminal Justice",None of the above,18-30,"Family/Friends Recommendation, Television, Social Media","Cast, Story, Director",More than 2 years,"Search option, Recommendation",Good,Most of the time application Server is down
3/10/2021 18:56,Yes,Daily,"Prime, Hotstar","Original web series, Movies","Action, Drama, Comedy, Horror, Others",None of the above,"Made in heaven, Tandav","Special OPS, Hostages, Criminal Justice",None of the above,18-30,"Family/Friends Recommendation, Television, Social Media","Cast, Story, Director",More than 2 years,"Search option, Recommendation",Good,Limited space for downloading
3/10/2021 18:58,Yes,Daily,"Netflix, Hotstar","Original web series, Movies, Documentaries","Action, Drama, Comedy","Sacred Games, 13 Reasons Why, The Witcher",Mirzapur,"Special OPS, Hostages, Criminal Justice",None of the above,18-30,"Family/Friends Recommendation, Social Media",Story,Between 1 and 2 years,"Search option, Recommendation",Good,Need more functionality
3/10/2021 18:59,Yes,Monthly,Hotstar,"Original web series, Movies, Documentaries","Action, Drama",None of the above,None of the above,"Hostages, Arya, City of dreams",None of the above,18-30,"Family/Friends Recommendation, Social Media",Story,Between 1 and 2 years,"Search option, Recommendation",Good,No
3/10/2021 19:00,Yes,Daily,"Netflix, Hotstar",Original web series,"Action, Drama, Comedy, Horror, Others","Sacred Games, 13 Reasons Why, Money Heist",None of the above,"Special OPS, Hostages",Monsterland,18-30,"Family/Friends Recommendation, Social Media",Story,Between 1 and 2 years,Recommendation,Good,No
3/11/2021 16:38,Yes,Monthly,Hotstar,"Original web series, Movies, Documentaries","Drama, Comedy",None of the above,None of the above,"Hostages, Arya, The Legend of Hanuman,city of dreams",None of the above,31-50,"Television, Social Media",Story,Less than 1 year,"Search option, Ease of use",Good,No
3/11/2021 16:42,Yes,Daily,"Netflix, Prime, Hotstar",Original web series,"Action, Drama, Comedy","Sacred Games, The Witcher, Money Heist","Mirzapur, Tandav","Hostages, Arya",None of the above,18-30,"Family/Friends Recommendation, Social Media","Cast, Story",Between 1 and 2 years,"Search option, Recommendation",Good,No
3/11/2021 16:44,Yes,Once or twice in a week,"Prime, Hotstar","Original web series, Movies","Action, Drama, Comedy",None of the above,Mirzapur,"Special OPS, Hostages, Criminal Justice",None of the above,18-30,"Family/Friends Recommendation, Social Media",Story,Between 1 and 2 years,"Search option, Recommendation",Good,None
3/11/2021 16:50,Yes,Monthly,Hotstar,Original web series,"Action, Drama, Comedy",None of the above,None of the above,"Hostages, Arya",None of the above,31-50,"Family/Friends Recommendation, Television, Social Media",Story,Between 1 and 2 years,"Search option, Recommendation, Ease of use, Accessibility",Good,.
3/11/2021 16:51,Yes,Daily,"Netflix, Hotstar","Original web series, Movies, Documentaries","Action, Drama, Comedy, Horror","Sacred Games, 13 Reasons Why, Money Heist",None of the above,"Special OPS, Hostages, Criminal Justice",None of the above,18-30,Social Media,"Cast, Story, Director",Between 1 and 2 years,Search option,Good,No
3/11/2021 17:12,Yes,Daily,"Netflix, Prime","Original web series, Documentaries","Action, Drama, Comedy","13 Reasons Why, The Witcher, Money Heist","Mirzapur, Made in heaven",None of the above,None of the above,18-30,"Family/Friends Recommendation, Social Media","Cast, Story, Director",Between 1 and 2 years,"Search option, Recommendation",Excellent,No need
3/11/2021 17:26,Yes,Daily,"Netflix, Hotstar","Original web series, Movies, Documentaries","Action, Drama, Comedy","Sacred Games, 13 Reasons Why, The Witcher",None of the above,"Hostages, Criminal Justice, Arya",None of the above,18-30,"Family/Friends Recommendation, Social Media","Cast, Story, Director",Between 1 and 2 years,"Search option, Recommendation",Excellent,High pricing
3/11/2021 17:29,Yes,Once or twice in a week,"Prime, Hotstar","Original web series, Movies, Documentaries, Sports and News","Action, Drama, Comedy, Horror",None of the above,"Mirzapur, Tandav","Hostages, Criminal Justice",None of the above,18-30,"Family/Friends Recommendation, Social Media",Story,Between 1 and 2 years,"Search option, Recommendation, Ease of use, Accessibility",Good,Limited memory
3/11/2021 17:30,Yes,Daily,Netflix,"Original web series, Movies","Action, Drama, Comedy","Sacred Games, 13 Reasons Why, The Witcher, Money Heist, Lucifer",None of the above,None of the above,None of the above,18-30,"Family/Friends Recommendation, Social Media","Cast, Story",Between 1 and 2 years,"Search option, Recommendation",Good,Need more web series
3/11/2021 17:39,Yes,Once or twice in a week,Hotstar,"Original web series, Movies, Documentaries","Action, Drama, Comedy",None of the above,None of the above,"Hostages, Arya",None of the above,18-30,"Family/Friends Recommendation, Social Media",Story,Between 1 and 2 years,"Search option, Recommendation, Ease of use",Good,No
3/11/2021 17:45,Yes,Daily,"Netflix, Prime, Hotstar","Original web series, Movies","Action, Drama, Comedy, Others",The Witcher,"Mirzapur, Tandav","Hostages, Criminal Justice",None of the above,18-30,"Family/Friends Recommendation, Social Media",Story,Between 1 and 2 years,"Search option, Recommendation",Good,No
3/11/2021 21:15,Yes,Daily,"Netflix, Hotstar","Original web series, Movies, Documentaries","Action, Drama, Comedy","Sacred Games, The Witcher, Money Heist",None of the above,"Hostages, Criminal Justice",None of the above,18-30,"Family/Friends Recommendation, Social Media",Story,More than 2 years,"Search option, Recommendation, Ease of use",Good,No
3/11/2021 21:17,Yes,Daily,"Prime, Hotstar",Original web series,"Action, Drama, Comedy, Horror",None of the above,"Mirzapur, Made in heaven, Tandav","Hostages, Criminal Justice",None of the above,18-30,"Family/Friends Recommendation, Social Media",Story,Between 1 and 2 years,"Search option, Recommendation",Good,None
3/13/2021 11:14,Yes,Daily,Netflix,"Original web series, Movies, Documentaries","Action, Drama","Sacred Games, 13 Reasons Why, Money Heist",None of the above,None of the above,None of the above,18-30,"Family/Friends Recommendation, Social Media","Cast, Story, Director",Between 1 and 2 years,"Search option, Recommendation",Excellent,No
3/15/2021 11:51,Yes,Daily,"Netflix, Hotstar, Zee5,voot","Original web series, Documentaries","Action, Drama, Comedy, Others","Sacred Games, 13 Reasons Why",None of the above,"Hostages, Criminal Justice",None of the above,18-30,Social Media,Director,Between 1 and 2 years,"Search option, Recommendation, Ease of use",Good,No
3/15/2021 12:00,Yes,Daily,Hotstar,"Original web series, Movies","Action, Drama, Comedy",None of the above,None of the above,"Special OPS, Hostages, City of dreams",None of the above,31-50,"Television, Social Media",Story,Less than 1 year,"Search option, Recommendation, Ease of use, Accessibility",Good,No
3/15/2021 12:07,Yes,Once or twice in a week,"Prime, Hotstar","Original web series, Movies, Documentaries","Action, Drama, Comedy",None of the above,Mirzapur,"Special OPS, Hostages, Criminal Justice",None of the above,18-30,"Family/Friends Recommendation, Social Media","Cast, Story, Director",Between 1 and 2 years,"Search option, Recommendation",Good,No
3/15/2021 13:59,Yes,Daily,Netflix,Original web series,"Action, Drama, Comedy","Sacred Games, 13 Reasons Why, The Witcher, Money Heist, Lucifer",None of the above,None of the above,None of the above,18-30,"Family/Friends Recommendation, Social Media","Cast, Story",Between 1 and 2 years,"Search option, Ease of use",Excellent,New web series
3/15/2021 14:10,Yes,Daily,Prime,"Original web series, Movies","Action, Drama, Comedy",None of the above,"Mirzapur, Tandav, Breath into the shadow ",None of the above,None of the above,18-30,"Family/Friends Recommendation, Television, Social Media",Story,Between 1 and 2 years,"Search option, Recommendation, Ease of use, Accessibility",Good,No need
3/15/2021 15:08,Yes,Daily,"Netflix, Hotstar","Original web series, Movies, Documentaries","Action, Drama, Comedy","Sacred Games, 13 Reasons Why, The Witcher, Money Heist",None of the above,"Hostages, Arya",None of the above,18-30,"Family/Friends Recommendation, Social Media",Story,Between 1 and 2 years,"Search option, Recommendation, Ease of use",Good,No
3/15/2021 15:13,Yes,Once or twice in a week,"Prime, Hotstar","Original web series, Movies","Action, Drama, Comedy, Horror, Others",None of the above,"Mirzapur, Tandav","Hostages, Criminal Justice",None of the above,18-30,"Family/Friends Recommendation, Social Media",Story,Between 1 and 2 years,"Search option, Recommendation",Good,No
3/15/2021 20:17,Yes,Daily,"Netflix, Prime","Original web series, Movies","Action, Drama, Comedy","13 Reasons Why, The Witcher",Mirzapur,None of the above,None of the above,18-30,"Family/Friends Recommendation, Social Media","Cast, Story",Between 1 and 2 years,"Search option, Recommendation",Good,No
3/15/2021 20:17,Yes,Daily,"Netflix, Prime","Original web series, Movies","Action, Drama, Comedy","13 Reasons Why, The Witcher","Mirzapur, Breath into the shadow ",None of the above,None of the above,18-30,"Family/Friends Recommendation, Social Media","Cast, Story",Between 1 and 2 years,"Search option, Recommendation",Good,No
3/15/2021 22:01,Yes,Once or twice in a week,Hotstar,"Original web series, Movies, Documentaries, Sports and News","Action, Drama, Comedy",None of the above,None of the above,"Hostages, Arya",None of the above,31-50,Television,Story,Less than 1 year,"Search option, Ease of use",Good,No
3/15/2021 22:12,Yes,Daily,Netflix,Original web series,"Action, Drama, Comedy, Others","Sacred Games, 13 Reasons Why, The Witcher, Money Heist",None of the above,None of the above,None of the above,18-30,"Family/Friends Recommendation, Social Media","Cast, Story, Director",Between 1 and 2 years,"Search option, Recommendation",Excellent,Its good
3/16/2021 14:44,Yes,Daily,"Prime, Hotstar","Original web series, Movies, Documentaries, Sports and News","Action, Drama, Comedy",None of the above,"Mirzapur, Tandav","Special OPS, Hostages, Arya",None of the above,18-30,"Family/Friends Recommendation, Television, Social Media","Cast, Story",Between 1 and 2 years,"Search option, Recommendation",Good,No
3/16/2021 21:33,Yes,Once or twice in a week,Hotstar,"Original web series, Movies, Documentaries, Sports and News","Action, Drama, Comedy, Others",None of the above,None of the above,"Hostages, Arya",None of the above,18-30,"Family/Friends Recommendation, Social Media",Story,Less than 1 year,"Search option, Recommendation, Ease of use, Accessibility",Good,No
3/17/2021 10:11,Yes,Daily,"Netflix, Prime, Hotstar, Zee5 , youtube","Original web series, Movies, Documentaries","Action, Drama, Comedy, Others",The Witcher,Made in heaven,"Hostages, Arya",None of the above,18-30,"Family/Friends Recommendation, Television, Social Media","Cast, Story, Director",Between 1 and 2 years,"Search option, Recommendation",Good,No
3/17/2021 10:25,Yes,Daily,"Netflix, Prime, Hotstar",Original web series,"Action, Comedy, Horror","Sacred Games, 13 Reasons Why, Money Heist",Mirzapur,Criminal Justice,None of the above,18-30,"Family/Friends Recommendation, Social Media",Story,More than 2 years,Ease of use,Good,No
3/17/2021 10:32,Yes,Daily,Prime,Original web series,"Action, Drama, Comedy, Horror, Others",None of the above,"Mirzapur, Tandav, Breath into the shadow, the The Family man   ",None of the above,None of the above,18-30,"Family/Friends Recommendation, Social Media","Cast, Story, Director",Between 1 and 2 years,"Search option, Recommendation",Good,need to complete pending series.
3/17/2021 12:43,Yes,Daily,Prime,"Original web series, Movies",Horror,Money Heist,Tandav,Criminal Justice,Woke,18-30,Family/Friends Recommendation,"Cast, Story, Director",Between 1 and 2 years,"Search option, Recommendation, Ease of use, Accessibility",Good,Remove adds
3/17/2021 13:57,Yes,Daily,Prime,Original web series,"Action, Drama, Comedy, Horror, Others",None of the above,"Mirzapur, Tandav, Breath into the shadow, the The Family man   ",None of the above,None of the above,18-30,"Family/Friends Recommendation, Social Media","Cast, Story, Director",Between 1 and 2 years,"Search option, Recommendation",Good,need to complete pending series.
3/17/2021 14:01,Yes,Daily,"Prime, Hotstar",Original web series,"Action, Drama, Comedy",None of the above,"Mirzapur, Made in heaven, Tandav","Special OPS, Hostages, Arya, the office,  Roar of the lion,out of love",None of the above,18-30,"Family/Friends Recommendation, Social Media",Story,Between 1 and 2 years,"Search option, Recommendation",Excellent,no
3/17/2021 15:39,Yes,Daily,"Netflix, Hotstar","Original web series, Movies","Action, Drama, Comedy, Others","Sacred Games, 13 Reasons Why, The Witcher, the cursed",None of the above,"Hostages, Criminal Justice",None of the above,18-30,"Family/Friends Recommendation, Social Media","Cast, Story",Between 1 and 2 years,"Search option, Recommendation",Good,no
3/19/2021 9:40,Yes,Daily,"Prime, Zee5","Original web series, Movies","Action, Drama, Comedy, Horror",None of the above,"Mirzapur, Made in heaven, Tandav, Bombay begum",None of the above,None of the above,18-30,"Family/Friends Recommendation, Social Media","Cast, Story",Between 1 and 2 years,"Search option, Recommendation",Good,No
3/19/2021 15:40,Yes,Daily,Prime,"Original web series, Movies","Action, Drama, Comedy, Horror",None of the above,"Mirzapur, Made in heaven, Tandav, Breath into the shadow ",None of the above,None of the above,18-30,"Family/Friends Recommendation, Social Media","Cast, Story, Director",Between 1 and 2 years,"Search option, Recommendation",Fair,No
3/19/2021 16:20,Yes,Daily,"Netflix, Hotstar","Original web series, Movies, Documentaries","Action, Drama, Comedy, Horror","Sacred Games, 13 Reasons Why, The Witcher",None of the above,"Special OPS, Hostages, Arya, Roar of the lion",None of the above,18-30,"Family/Friends Recommendation, Social Media","Cast, Story",Less than 1 year,"Search option, Recommendation",Good,No
3/19/2021 17:24,Yes,Once or twice in a week,Hotstar,"Original web series, Movies","Drama, Comedy",None of the above,None of the above,"Special OPS, Hostages, City of dreams",None of the above,31-50,"Family/Friends Recommendation, Television, Social Media",Story,Between 1 and 2 years,"Search option, Recommendation, Ease of use",Good,No
3/19/2021 18:39,Yes,Daily,"Netflix, Prime, Hotstar","Original web series, Movies, Documentaries, Sports and News","Action, Comedy, Horror","Sacred Games, 13 Reasons Why, The Witcher, Money Heist","Mirzapur, Made in heaven, Tandav, Breath into the shadow ","Special OPS, Hostages, Criminal Justice, Arya","Helstorm, Monsterland, Woke, The Ultimate Playlist of Noise",18-30,"Family/Friends Recommendation, Social Media","Cast, Story, Director",More than 2 years,Ease of use,Excellent,Remove advertisements 
3/21/2021 9:58,Yes,Daily,Hotstar,Original web series,"Action, Drama, Comedy, Others",None of the above,None of the above,"Hostages, Criminal Justice, Arya",None of the above,31-50,"Television, Social Media",Story,Less than 1 year,"Search option, Ease of use",Good,No
3/21/2021 10:54,Yes,Daily,"Prime, Hotstar","Original web series, Movies","Action, Drama, Comedy",None of the above,"Mirzapur, Made in heaven, Tandav","Hostages, Criminal Justice",None of the above,18-30,"Family/Friends Recommendation, Social Media","Cast, Story",Between 1 and 2 years,"Search option, Recommendation",Good,No need
3/22/2021 8:35,Yes,Once or twice in a week,"Prime, Hotstar","Original web series, Movies","Action, Drama",None of the above,"Mirzapur, Made in heaven, Tandav","Hostages, Criminal Justice",None of the above,31-50,"Television, Social Media","Cast, Story",Between 1 and 2 years,"Search option, Ease of use",Fair,No
3/22/2021 11:21,Yes,Daily,"Netflix, Prime","Original web series, Movies, Documentaries","Action, Drama, Comedy","Sacred Games, 13 Reasons Why, The Witcher","Mirzapur, Made in heaven",None of the above,None of the above,18-30,"Family/Friends Recommendation, Social Media",Story,Between 1 and 2 years,"Search option, Recommendation",Good,no
3/22/2021 11:30,Yes,Daily,Prime,"Original web series, Movies, Documentaries","Action, Drama, Comedy",None of the above,"Mirzapur, Made in heaven, Tandav",None of the above,None of the above,18-30,"Family/Friends Recommendation, Social Media","Cast, Story, Director",Between 1 and 2 years,"Search option, Recommendation",Good,please give me some storage 
3/22/2021 11:38,Yes,Daily,Prime,"Original web series, Movies","Action, Drama, Comedy",13 Reasons Why,"Mirzapur, Tandav",None of the above,Helstorm,18-30,Social Media,Story,Between 1 and 2 years,Recommendation,Good,I want New stories
3/22/2021 11:38,Yes,Daily,Prime,"Original web series, Movies","Action, Drama, Comedy",13 Reasons Why,"Mirzapur, Tandav",None of the above,Helstorm,18-30,Social Media,Story,Between 1 and 2 years,Recommendation,Good,I want New stories
3/22/2021 12:55,Yes,Once or twice in a week,"Prime, Hotstar","Original web series, Movies, Documentaries","Action, Drama, Comedy",None of the above,"Mirzapur, Made in heaven, Tandav","Special OPS, Hostages, Criminal Justice",None of the above,31-50,"Family/Friends Recommendation, Social Media","Cast, Story",Between 1 and 2 years,"Search option, Recommendation",Good,No
3/22/2021 13:19,Yes,Daily,Prime,"Original web series, Movies","Action, Drama, Comedy, Others","Sacred Games, The Witcher","Mirzapur, Made in heaven",None of the above,None of the above,18-30,"Family/Friends Recommendation, Television, Social Media, Banners","Cast, Story",Between 1 and 2 years,"Search option, Recommendation",Good,Price should be decreased
3/22/2021 19:51,Yes,Daily,Prime,"Original web series, Movies","Action, Drama",None of the above,"Mirzapur, Made in heaven, Breath into the shadow ",None of the above,None of the above,18-30,"Family/Friends Recommendation, Social Media","Cast, Story",Less than 1 year,"Search option, Recommendation",Good,No
3/23/2021 22:49,Yes,Daily,"Prime, Hotstar","Original web series, Movies, Documentaries, Others","Action, Drama, Comedy, Others",None of the above,"Mirzapur, Made in heaven, Breath into the shadow ","Hostages, Criminal Justice",None of the above,18-30,"Family/Friends Recommendation, Television, Social Media","Cast, Story, language",Less than 1 year,"Search option, Recommendation, Ease of use",Good,No
3/24/2021 7:59,Yes,Daily,Netflix,"Original web series, Movies","Action, Drama, Comedy","Sacred Games, 13 Reasons Why, Money Heist",None of the above,None of the above,None of the above,18-30,"Family/Friends Recommendation, Television, Social Media",Story,More than 2 years,"Search option, Recommendation",Good,No
3/24/2021 8:24,Yes,Once or twice in a week,Hotstar,"Original web series, Movies, Documentaries, Sports and News, Others","Action, Drama, Comedy, Horror, Others",None of the above,None of the above,"Special OPS, Hostages, Criminal Justice, Arya",None of the above,18-30,"Family/Friends Recommendation, Television, Social Media","Cast, Story",Less than 1 year,"Search option, Recommendation, Ease of use",Excellent,No
3/24/2021 8:36,Yes,Daily,Prime,"Original web series, Movies, Documentaries, Sports and News","Action, Drama",None of the above,"Mirzapur, Made in heaven, Tandav, Breath into the shadow ",None of the above,None of the above,18-30,Social Media,"Cast, Story, Director",Between 1 and 2 years,"Search option, Recommendation",Good,No
3/24/2021 11:21,Yes,Daily,"Netflix, youtube","Original web series, Movies, Documentaries, Sports and News, Others","Action, Drama, Comedy, Horror, Others","Sacred Games, 13 Reasons Why, The Witcher, Money Heist, the crew , the crown, lost in space ",Mirzapur,None of the above,None of the above,18-30,"Family/Friends Recommendation, Social Media","Cast, Story",Between 1 and 2 years,"Search option, Recommendation",Good,high pricing
3/24/2021 12:51,Yes,Daily,Netflix,"Original web series, Movies, Documentaries","Action, Drama, Comedy","Sacred Games, 13 Reasons Why, The Witcher, Money Heist, lucifer , cursed",None of the above,None of the above,None of the above,18-30,"Family/Friends Recommendation, Television, Social Media",Story,Between 1 and 2 years,"Search option, Recommendation",Good,No
3/24/2021 12:51,Yes,Daily,"Prime, Hotstar","Original web series, Movies, Documentaries, Sports and News","Action, Drama, Comedy",None of the above,"Mirzapur, Tandav, paradise city,hand of god",Hostages,None of the above,18-30,"Family/Friends Recommendation, Television, Social Media",Story,More than 2 years,Recommendation,Good,no
3/24/2021 15:36,Yes,Monthly,Hotstar,"Original web series, Movies, Documentaries","Action, Drama, Comedy",None of the above,None of the above,"Special OPS, Hostages, Arya",None of the above,31-50,Television,Story,Less than 1 year,Search option,Good,No
3/24/2021 15:53,Yes,Daily,Prime,Original web series,"Action, Drama, Comedy, Horror, Others",None of the above,"Mirzapur, Made in heaven, Tandav",None of the above,None of the above,18-30,"Family/Friends Recommendation, Television, Social Media",Story,Between 1 and 2 years,"Search option, Recommendation",Good,No
3/24/2021 16:57,Yes,Daily,Hotstar,"Original web series, Movies, Documentaries","Action, Drama, Comedy",None of the above,None of the above,"Hostages, Arya, city of dreams,1962,roar of lion",None of the above,18-30,"Family/Friends Recommendation, Television, Social Media",Story,Between 1 and 2 years,"Search option, Recommendation",Good,no
3/25/2021 11:21,Yes,Once or twice in a week,Hotstar,"Original web series, Others","Action, Drama, Comedy",None of the above,None of the above,"Hostages, Arya",None of the above,18-30,"Television, Social Media, youtube","Cast, Story",Between 1 and 2 years,"Search option, Recommendation, Ease of use",Good,No
3/25/2021 11:34,Yes,Daily,"Netflix, Hotstar","Original web series, Movies","Action, Drama, Comedy","Sacred Games, 13 Reasons Why, The Witcher",None of the above,"Hostages, Arya",None of the above,18-30,"Family/Friends Recommendation, Television, Social Media","Cast, Story, Director",Less than 1 year,"Search option, Recommendation",Good,No
3/25/2021 12:38,Yes,Daily,Prime,"Original web series, Movies, Documentaries","Action, Drama, Comedy",None of the above,"Mirzapur, Tandav",None of the above,None of the above,18-30,Social Media,"Cast, Story, Director",Between 1 and 2 years,"Search option, Recommendation",Good,None
3/27/2021 14:55,Yes,Daily,Hotstar,Original web series,"Action, Drama, Comedy",None of the above,None of the above,"Special OPS, Hostages, Criminal Justice",None of the above,18-30,"Family/Friends Recommendation, Television, Social Media","Cast, Story, Director",Less than 1 year,"Search option, Recommendation",Good,No
3/28/2021 10:10,Yes,Once or twice in a week,Hotstar,"Original web series, Movies, Documentaries, Sports and News","Action, Drama, Comedy",None of the above,Mirzapur,"Hostages, Arya",None of the above,18-30,"Family/Friends Recommendation, Social Media",Story,Between 1 and 2 years,"Search option, Recommendation",Good,No
3/29/2021 15:28,Yes,Once or twice in a week,Prime,"Original web series, Movies, Documentaries","Action, Drama, Comedy",None of the above,"Mirzapur, Tandav",None of the above,Monsterland,18-30,"Family/Friends Recommendation, Social Media","Cast, Story",Between 1 and 2 years,"Search option, Recommendation",Good,No
3/29/2021 19:02,Yes,Daily,Hotstar,"Original web series, Movies, Documentaries, Sports and News, Others","Action, Drama, Comedy",None of the above,Mirzapur,"Special OPS, Hostages, Arya",None of the above,18-30,Social Media,Story,Less than 1 year,"Search option, Recommendation",Good,No
3/30/2021 21:00,Yes,Once or twice in a week,Prime,"Original web series, Movies, Documentaries","Action, Drama, Comedy",None of the above,"Mirzapur, Made in heaven, Tandav",None of the above,None of the above,18-30,"Family/Friends Recommendation, Television, Social Media","Cast, Story, Director",Less than 1 year,"Search option, Recommendation, Ease of use, Accessibility",Good,No
3/30/2021 21:12,Yes,Daily,Hotstar,"Original web series, Movies, Documentaries, Sports and News","Action, Drama, Comedy, Horror, Others",None of the above,None of the above,"Special OPS, Hostages, Criminal Justice, Arya",None of the above,18-30,"Family/Friends Recommendation, Social Media","Cast, Story, Director",Between 1 and 2 years,"Search option, Recommendation",Excellent,No
3/30/2021 21:13,Yes,Daily,"Netflix, Hotstar","Original web series, Movies, Documentaries, Sports and News","Action, Drama, Comedy, Others","Sacred Games, 13 Reasons Why, The Witcher, Money Heist",None of the above,"Special OPS, Hostages, Criminal Justice",None of the above,18-30,"Family/Friends Recommendation, Television, Social Media","Cast, Story, Director",Between 1 and 2 years,"Search option, Recommendation",Good,No
3/30/2021 23:22,Yes,Daily,Netflix,Original web series,"Action, Drama, Comedy, Horror, Others","Sacred Games, 13 Reasons Why, The Witcher, Money Heist",Mirzapur,None of the above,None of the above,18-30,"Family/Friends Recommendation, Social Media","Cast, Story",Between 1 and 2 years,"Search option, Recommendation",Excellent,High pricing
3/30/2021 23:23,Yes,Daily,Netflix,"Original web series, Movies, Documentaries","Action, Drama, Comedy, Horror, Others","13 Reasons Why, The Witcher, Money Heist",None of the above,None of the above,None of the above,18-30,"Family/Friends Recommendation, Social Media","Cast, Story",More than 2 years,"Search option, Recommendation",Good,No
3/30/2021 23:24,Yes,Monthly,Hotstar,"Original web series, Movies, Documentaries, Sports and News, Others","Action, Drama, Comedy, Horror, Others",None of the above,None of the above,"Hostages, The Roar of lion",None of the above,18-30,"Family/Friends Recommendation, Social Media",Story,More than 2 years,"Search option, Recommendation",Good,No
3/31/2021 18:00,Yes,Daily,"Prime, Hotstar","Original web series, Movies, Documentaries, Sports and News","Action, Drama, Comedy",None of the above,Mirzapur,"Special OPS, Hostages, Criminal Justice",None of the above,less than 18,"Family/Friends Recommendation, Television, Social Media",Story,Between 1 and 2 years,"Search option, Recommendation, Ease of use",Good,No
3/31/2021 19:18,Yes,Daily,Prime,"Original web series, Movies, Documentaries","Action, Drama, Comedy, Horror",None of the above,"Mirzapur, Made in heaven, Breath into the shadow ",None of the above,None of the above,18-30,"Family/Friends Recommendation, Social Media","Cast, Story",Between 1 and 2 years,"Search option, Recommendation",Good,No
3/31/2021 19:19,Yes,Daily,Netflix,Original web series,Action,"Sacred Games, 13 Reasons Why, The Witcher, Money Heist",None of the above,None of the above,None of the above,18-30,"Family/Friends Recommendation, Social Media",Story,More than 2 years,"Search option, Recommendation, Ease of use, Accessibility",Excellent,Remove advertisement 
3/31/2021 19:19,Yes,Once or twice in a week,Netflix,"Original web series, Movies, Documentaries","Action, Drama, Comedy","Sacred Games, 13 Reasons Why, The Witcher, Money Heist",None of the above,None of the above,None of the above,31-50,"Family/Friends Recommendation, Television, Social Media","Cast, Story, Director",More than 2 years,"Search option, Recommendation, Ease of use",Excellent,High price
3/31/2021 19:21,Yes,Daily,"Prime, Hotstar","Original web series, Movies, Documentaries, Sports and News","Action, Drama, Comedy, Horror",None of the above,"Mirzapur, Tandav",None of the above,None of the above,18-30,"Family/Friends Recommendation, Television, Social Media","Cast, Story, Director",Between 1 and 2 years,"Search option, Recommendation, Ease of use",Good,No
3/31/2021 19:21,Yes,Once or twice in a week,"Netflix, Prime, Hotstar","Original web series, Movies, Documentaries, Sports and News","Action, Drama, Comedy, Horror","Sacred Games, 13 Reasons Why, The Witcher, Money Heist","Mirzapur, Made in heaven, Tandav, Breath into the shadow ","Special OPS, Hostages, Criminal Justice, Arya",None of the above,18-30,"Family/Friends Recommendation, Television, Social Media","Cast, Story, Director",Between 1 and 2 years,"Search option, Recommendation",Excellent,Decrease the duration of advertisement 
3/31/2021 19:22,Yes,Daily,"Netflix, Prime","Original web series, Movies, Documentaries","Action, Drama, Comedy","13 Reasons Why, The Witcher","Mirzapur, Tandav",None of the above,None of the above,18-30,"Family/Friends Recommendation, Social Media","Cast, Story",Between 1 and 2 years,"Search option, Recommendation",Good,Cost of subscription
3/31/2021 19:23,Yes,Daily,Hotstar,"Original web series, Movies, Documentaries, Sports and News","Action, Drama, Comedy, Horror",None of the above,None of the above,"Hostages, Criminal Justice, Arya",None of the above,18-30,"Family/Friends Recommendation, Social Media","Cast, Story",Less than 1 year,"Search option, Recommendation",Good,No
3/31/2021 19:25,Yes,Daily,Hotstar,"Original web series, Movies, Documentaries, Sports and News","Action, Drama, Comedy, Horror, Others",None of the above,None of the above,"Special OPS, Hostages, Criminal Justice, Arya",None of the above,18-30,"Family/Friends Recommendation, Television, Social Media","Cast, Story",More than 2 years,"Search option, Recommendation",Good,There are too many ads and they give us limited storage
3/31/2021 19:25,Yes,Daily,Prime,Movies,Horror,None of the above,Made in heaven,None of the above,None of the above,18-30,"Family/Friends Recommendation, Television, Social Media",Story,Less than 1 year,Accessibility,Good,Remove ads
3/31/2021 19:30,Yes,Once or twice in a week,Hotstar,"Original web series, Movies","Drama, Comedy, Horror","Sacred Games, 13 Reasons Why, Money Heist",Mirzapur,"Special OPS, Hostages, Criminal Justice, Arya",None of the above,18-30,"Family/Friends Recommendation, Television, Social Media","Cast, Story, Director",Between 1 and 2 years,"Search option, Recommendation",Excellent,Even after subscription ads are not removed 
3/31/2021 19:32,Yes,Daily,Netflix,"Original web series, Sports and News","Action, Horror","Sacred Games, 13 Reasons Why, The Witcher, Money Heist",None of the above,None of the above,None of the above,18-30,"Family/Friends Recommendation, Television, Social Media","Cast, Story, Director",More than 2 years,"Search option, Ease of use",Good,Bad logout credentials 
4/1/2021 21:40,Yes,Once or twice in a week,Prime,"Original web series, Movies, Documentaries","Action, Drama, Comedy",None of the above,"Mirzapur, Made in heaven, Tandav",None of the above,None of the above,18-30,"Family/Friends Recommendation, Social Media","Cast, Story",Between 1 and 2 years,"Search option, Recommendation, Ease of use",Excellent,They give us full package in subscription even if we don't use them
4/1/2021 21:42,Yes,Daily,"Prime, Hotstar",Original web series,"Action, Drama, Comedy",None of the above,"Mirzapur, Made in heaven, Tandav","Hostages, Arya",None of the above,31-50,"Family/Friends Recommendation, Television, Social Media","Cast, Story, Director",Between 1 and 2 years,"Search option, Recommendation, Ease of use, Accessibility",Excellent,No
4/2/2021 13:35,Yes,Daily,Prime,"Original web series, Movies, Documentaries","Action, Drama, Comedy",None of the above,"Mirzapur, Made in heaven, Tandav",None of the above,None of the above,31-50,"Family/Friends Recommendation, Television, Social Media","Cast, Story, Director",More than 2 years,"Search option, Recommendation",Excellent,No
4/2/2021 21:24,Yes,Daily,Prime,"Original web series, Movies","Action, Drama, Comedy",None of the above,"Mirzapur, Made in heaven, Tandav, Breath into the shadow ",None of the above,None of the above,18-30,"Family/Friends Recommendation, Social Media","Cast, Story",Between 1 and 2 years,"Search option, Recommendation",Excellent,No
4/4/2021 11:45,Yes,Daily,"Netflix, Prime","Original web series, Movies, Documentaries","Action, Drama, Comedy, Horror","The Witcher, Money Heist","Mirzapur, Made in heaven, Tandav, Breath into the shadow ",None of the above,None of the above,18-30,"Family/Friends Recommendation, Social Media","Cast, Story",Between 1 and 2 years,"Search option, Recommendation",Excellent,No
4/4/2021 23:24,Yes,Once or twice in a week,Prime,"Original web series, Movies, Documentaries","Action, Drama, Comedy, Horror, Others",None of the above,"Mirzapur, Made in heaven, Tandav, Breath into the shadow ",None of the above,None of the above,18-30,"Family/Friends Recommendation, Social Media",Story,Less than 1 year,"Search option, Recommendation",Good,No
4/5/2021 0:25,Yes,Daily,"Netflix, Prime","Original web series, Movies, Documentaries","Action, Drama, Comedy","Sacred Games, The Witcher","Mirzapur, Tandav, Breath into the shadow ",None of the above,None of the above,31-50,"Family/Friends Recommendation, Social Media","Cast, Story",Between 1 and 2 years,"Search option, Recommendation",Good,No 
4/5/2021 19:59,Yes,Once or twice in a week,Hotstar,"Original web series, Movies, Others","Action, Comedy","Sacred Games, 13 Reasons Why",Mirzapur,"Special OPS, Hostages, Arya",None of the above,18-30,Family/Friends Recommendation,"Cast, Story",More than 2 years,"Search option, Recommendation, Ease of use, Accessibility",Good,None
4/6/2021 10:21,Yes,Daily,"Netflix, Prime","Original web series, Movies, Documentaries","Action, Drama, Comedy",None of the above,"Mirzapur, Made in heaven",Hostages,None of the above,31-50,"Family/Friends Recommendation, Social Media","Cast, Story, Director",Less than 1 year,"Search option, Recommendation",Good,No
4/7/2021 8:16,Yes,Daily,"Prime, Hotstar","Original web series, Movies","Action, Drama, Comedy, Horror",None of the above,"Mirzapur, Made in heaven, Tandav","Special OPS, Criminal Justice",None of the above,18-30,"Family/Friends Recommendation, Social Media","Cast, Story",More than 2 years,"Search option, Recommendation, Accessibility",Excellent,No
4/7/2021 8:28,Yes,Daily,Prime,"Original web series, Movies","Action, Drama, Comedy, Horror, Others",None of the above,"Mirzapur, Made in heaven, Tandav",None of the above,None of the above,31-50,"Family/Friends Recommendation, Television, Social Media","Cast, Story, Director",Less than 1 year,"Search option, Recommendation",Excellent,No
4/7/2021 12:12,Yes,Once or twice in a week,"Netflix, Prime","Original web series, Movies, Documentaries","Action, Drama, Comedy","Sacred Games, The Witcher","Mirzapur, Tandav, Breath into the shadow ",None of the above,None of the above,18-30,Social Media,"Cast, Story",Between 1 and 2 years,"Search option, Recommendation, Ease of use",Excellent,Nope
4/7/2021 12:44,Yes,Daily,Prime,"Original web series, Movies","Action, Drama, Comedy, Horror, Others",The Witcher,"Mirzapur, Tandav",None of the above,None of the above,31-50,"Family/Friends Recommendation, Social Media","Cast, Story, Director",More than 2 years,"Search option, Recommendation",Excellent,No
4/7/2021 12:46,Yes,Once or twice in a week,"Netflix, Prime, Hotstar","Original web series, Movies, Documentaries, Sports and News, Others","Action, Drama, Comedy","13 Reasons Why, The Witcher, Money Heist","Mirzapur, Made in heaven","Special OPS, Criminal Justice",None of the above,18-30,"Family/Friends Recommendation, Social Media","Cast, Story",Between 1 and 2 years,"Search option, Recommendation, Accessibility",Excellent,No need
4/7/2021 12:50,Yes,Once or twice in a week,Prime,"Original web series, Movies","Action, Drama, Comedy, Others",None of the above,"Mirzapur, The The Family man   ",None of the above,None of the above,31-50,"Family/Friends Recommendation, Social Media","Cast, Story",Between 1 and 2 years,"Search option, Recommendation",Improvement Needed,No
4/7/2021 13:47,Yes,Once or twice in a week,Prime,Original web series,"Action, Drama, Comedy, Horror",None of the above,"Mirzapur, Made in heaven, Breath into the shadow , Lucifer",None of the above,None of the above,18-30,"Family/Friends Recommendation, Social Media","Cast, Story, Director",More than 2 years,"Search option, Recommendation, Ease of use, Accessibility",Excellent,No
4/8/2021 8:49,Yes,Daily,"Netflix, Prime","Original web series, Movies, Documentaries, Sports and News, Others","Action, Drama, Comedy, Horror, Others","The Witcher, Money Heist","Mirzapur, Made in heaven, Tandav",None of the above,None of the above,31-50,"Family/Friends Recommendation, Social Media","Cast, Story",More than 2 years,"Search option, Recommendation",Excellent,No
4/8/2021 16:26,Yes,Daily,Netflix,"Original web series, Movies, Documentaries","Action, Drama, Comedy, Horror","Sacred Games, 13 Reasons Why, The Witcher, Bombay begums, the crown",Mirzapur,None of the above,None of the above,18-30,"Family/Friends Recommendation, Television, Social Media","Cast, Story",Between 1 and 2 years,"Search option, Recommendation, Accessibility",Excellent,No
4/8/2021 16:56,Yes,Daily,Prime,"Original web series, Movies, Documentaries","Action, Drama, Comedy, Horror, Others",None of the above,"Mirzapur, Made in heaven, Tandav, Breath into the shadow ",None of the above,None of the above,18-30,"Family/Friends Recommendation, Social Media","Cast, Story, Director",Less than 1 year,"Search option, Recommendation",Excellent,No
4/8/2021 17:14,Yes,Once or twice in a week,Prime,"Original web series, Movies, Documentaries, Others","Action, Drama, Comedy",None of the above,"Mirzapur, Tandav",None of the above,None of the above,18-30,"Family/Friends Recommendation, Social Media",Story,Less than 1 year,"Search option, Recommendation",Excellent,No
4/8/2021 17:23,Yes,Daily,Hotstar,"Original web series, Movies, Documentaries, Sports and News, Others","Action, Drama, Comedy, Others",None of the above,Mirzapur,"Special OPS, Hostages, Criminal Justice, Arya",None of the above,18-30,"Family/Friends Recommendation, Social Media","Cast, Story",Between 1 and 2 years,"Search option, Recommendation, Ease of use",Good,Too many ads
4/8/2021 18:11,Yes,Daily,Prime,"Original web series, Movies","Action, Drama, Comedy, Horror, Others",None of the above,"Mirzapur, Made in heaven, Tandav",None of the above,None of the above,18-30,Social Media,"Cast, Story, Director",Less than 1 year,"Search option, Recommendation",Good,No
4/8/2021 18:17,Yes,Daily,Prime,"Original web series, Movies","Action, Drama, Comedy",None of the above,"Mirzapur, Tandav",None of the above,None of the above,18-30,"Family/Friends Recommendation, Social Media","Cast, Story",Between 1 and 2 years,"Search option, Recommendation",Excellent,No
4/8/2021 22:15,Yes,Daily,Hotstar,"Original web series, Movies, Documentaries, Others","Action, Drama, Comedy, Horror",None of the above,None of the above,"Hostages, Criminal Justice, Arya",None of the above,18-30,"Family/Friends Recommendation, Social Media","Cast, Story",Between 1 and 2 years,"Search option, Recommendation, Ease of use",Good,No
4/8/2021 22:17,Yes,Daily,Prime,"Original web series, Movies, Documentaries","Action, Drama, Comedy",None of the above,"Mirzapur, Made in heaven, Breath into the shadow ",None of the above,None of the above,18-30,"Family/Friends Recommendation, Social Media","Cast, Story",More than 2 years,"Search option, Recommendation",Excellent,No need
4/9/2021 19:42,Yes,Daily,Prime,"Original web series, Movies","Action, Drama, Comedy",None of the above,"Mirzapur, Made in heaven, Tandav",None of the above,None of the above,18-30,"Family/Friends Recommendation, Social Media","Cast, Story",Between 1 and 2 years,"Search option, Recommendation",Excellent,No
4/9/2021 19:43,Yes,Daily,Prime,"Original web series, Movies, Others","Action, Drama, Comedy",None of the above,"Mirzapur, Made in heaven, Tandav",None of the above,None of the above,31-50,"Family/Friends Recommendation, Television, Social Media",Story,More than 2 years,"Search option, Recommendation",Excellent,Most of the good movie and web series is not available
4/9/2021 19:44,Yes,Daily,Prime,"Original web series, Movies, Documentaries","Action, Drama, Comedy",None of the above,"Made in heaven, Tandav",None of the above,None of the above,18-30,"Family/Friends Recommendation, Television, Social Media","Cast, Story",Between 1 and 2 years,"Search option, Recommendation",Good,No
4/10/2021 8:42,Yes,Daily,"Prime, Youtube","Original web series, Movies","Action, Drama, Comedy",None of the above,"Mirzapur, Tandav",None of the above,None of the above,18-30,"Family/Friends Recommendation, Social Media","Cast, Story",Between 1 and 2 years,"Search option, Recommendation",Excellent,No
4/10/2021 8:43,Yes,Once or twice in a week,"Netflix, Prime","Original web series, Movies, Documentaries","Action, Drama, Comedy",The Witcher,"Mirzapur, Made in heaven, Breath into the shadow ",None of the above,None of the above,18-30,"Television, Social Media","Cast, Story, Director",Less than 1 year,"Search option, Recommendation",Good,No
4/10/2021 23:58,Yes,Daily,"Netflix, Prime, Hotstar","Original web series, Movies","Action, Drama, Comedy, Horror","Sacred Games, 13 Reasons Why, Money Heist",Mirzapur,Arya,None of the above,18-30,"Family/Friends Recommendation, Television, Social Media",Story,More than 2 years,Recommendation,Good,Decrease the advertisement duration
4/11/2021 12:08,Yes,Once or twice in a week,Prime,"Original web series, Movies, Documentaries","Action, Comedy",None of the above,"Mirzapur, Made in heaven, Tandav",None of the above,None of the above,18-30,"Family/Friends Recommendation, Social Media","Cast, Story",Between 1 and 2 years,"Search option, Recommendation",Excellent,No
4/11/2021 12:09,Yes,Daily,Prime,"Original web series, Movies, Others","Action, Drama, Comedy, Horror",None of the above,"Mirzapur, Tandav, Breath into the shadow ",None of the above,None of the above,31-50,"Family/Friends Recommendation, Television, Social Media","Cast, Story, Director",Between 1 and 2 years,"Search option, Recommendation, Ease of use",Excellent,No
4/11/2021 12:10,Yes,Daily,Prime,"Original web series, Movies, Documentaries","Action, Drama, Comedy, Horror, Others",None of the above,"Mirzapur, Tandav, Breath into the shadow ",None of the above,None of the above,18-30,"Family/Friends Recommendation, Social Media","Cast, Story, Director",More than 2 years,"Search option, Recommendation, Ease of use, Accessibility",Excellent,No
4/11/2021 12:11,Yes,Daily,"Netflix, Prime","Original web series, Movies, Documentaries, Others","Action, Drama, Comedy","The Witcher, Money Heist","Mirzapur, Tandav",None of the above,None of the above,18-30,"Family/Friends Recommendation, Television, Social Media","Cast, Story, Director",Between 1 and 2 years,"Search option, Recommendation, Ease of use",Excellent,No need
4/11/2021 12:12,Yes,Daily,Prime,"Original web series, Movies, Documentaries, Others","Action, Drama, Comedy, Horror, Others",None of the above,"Mirzapur, Made in heaven, Tandav, Breath into the shadow ",None of the above,None of the above,31-50,"Family/Friends Recommendation, Television, Social Media","Cast, Story, Director",More than 2 years,"Search option, Recommendation, Ease of use",Excellent,No
4/11/2021 14:41,Yes,Daily,"Netflix, Prime, Hotstar","Original web series, Movies, Documentaries, Sports and News","Action, Drama, Comedy, Horror","Sacred Games, 13 Reasons Why, The Witcher, Money Heist","Mirzapur, Made in heaven, Tandav","Special OPS, Hostages, Criminal Justice",None of the above,18-30,"Family/Friends Recommendation, Television, Social Media","Cast, Story, Director",Between 1 and 2 years,"Recommendation, Ease of use",Excellent,Remove adds
4/11/2021 18:45,Yes,Once or twice in a week,Netflix,"Original web series, Movies, Documentaries","Action, Drama, Comedy","Sacred Games, The Witcher",None of the above,None of the above,None of the above,18-30,"Family/Friends Recommendation, Television, Social Media","Cast, Story, Director",Between 1 and 2 years,"Search option, Recommendation",Excellent,No
4/11/2021 18:45,Yes,Daily,Prime,"Original web series, Movies, Documentaries","Action, Drama, Comedy",None of the above,"Mirzapur, Made in heaven, Tandav",None of the above,None of the above,18-30,"Family/Friends Recommendation, Television, Social Media","Cast, Story, Director",Between 1 and 2 years,"Search option, Recommendation, Ease of use, Accessibility",Improvement Needed,No
4/11/2021 18:46,Yes,Daily,Prime,Original web series,"Action, Drama, Comedy, Horror, Others",None of the above,"Mirzapur, Made in heaven, Tandav",None of the above,None of the above,31-50,"Family/Friends Recommendation, Social Media","Cast, Story",Between 1 and 2 years,"Search option, Recommendation",Excellent,No
4/11/2021 18:56,Yes,Daily,"Netflix, Prime","Original web series, Movies","Action, Drama, Comedy, Horror","13 Reasons Why, Money Heist","Mirzapur, Made in heaven, Tandav, Breath into the shadow ",None of the above,None of the above,31-50,"Family/Friends Recommendation, Social Media","Cast, Story",Between 1 and 2 years,"Search option, Recommendation, Ease of use",Excellent,No
4/11/2021 18:57,Yes,Daily,Prime,"Original web series, Movies, Documentaries, Sports and News, Others","Drama, Comedy, Others",None of the above,"Made in heaven, Tandav",None of the above,None of the above,18-30,"Family/Friends Recommendation, Social Media","Cast, Story",Between 1 and 2 years,"Search option, Recommendation",Excellent,No
4/12/2021 9:11,Yes,Daily,"Netflix, Prime, Hotstar","Original web series, Movies, Documentaries, Sports and News","Action, Drama, Comedy, Horror","Sacred Games, 13 Reasons Why, The Witcher, Money Heist","Mirzapur, Made in heaven, Tandav","Special OPS, Hostages, Criminal Justice",None of the above,18-30,"Family/Friends Recommendation, Television, Social Media","Cast, Story, Director",Between 1 and 2 years,"Recommendation, Ease of use",Excellent,Remove adds
4/12/2021 9:12,Yes,Once or twice in a week,Netflix,"Original web series, Movies, Documentaries, Sports and News","Action, Comedy, Horror","Sacred Games, 13 Reasons Why, The Witcher, Money Heist",Mirzapur,None of the above,None of the above,18-30,Family/Friends Recommendation,Story,More than 2 years,"Recommendation, Accessibility",Excellent,Remove adds
4/12/2021 14:13,Yes,Daily,"Netflix, Prime, Hotstar","Original web series, Movies, Documentaries","Action, Drama, Comedy, Horror",13 Reasons Why,Made in heaven,"Special OPS, Hostages, Criminal Justice",Woke,18-30,"Family/Friends Recommendation, Television, Social Media","Cast, Story, Director",Between 1 and 2 years,"Search option, Ease of use",Excellent,Limit the add duration
4/12/2021 23:13,Yes,Daily,Prime,"Original web series, Documentaries","Drama, Comedy",None of the above,"Made in heaven, Tandav",None of the above,None of the above,31-50,"Social Media, Ads on OTT platforms","Cast, Story, Director",Between 1 and 2 years,"Search option, Recommendation",Excellent,No need
4/12/2021 23:15,Yes,Daily,"Netflix, Prime","Original web series, Movies, Documentaries","Action, Drama, Comedy, Horror, Others","13 Reasons Why, The Witcher, Money Heist","Mirzapur, Tandav",None of the above,None of the above,18-30,"Family/Friends Recommendation, Social Media","Cast, Story",Between 1 and 2 years,"Search option, Recommendation",Good,yes need to decrease the membership amount
2021/04/28 8:55:16 AM GMT+5:30,Yes,Daily,Prime,Original web series,"Action, Comedy",None of the above,"Mirzapur, Tandav",None of the above,None of the above,18-30,Social Media,Cast,Between 1 and 2 years,"Search option, Recommendation",Excellent,No
2021/04/28 2:40:46 PM GMT+5:30,Yes,Once or twice in a week,Prime,Original web series,"Action, Drama, Comedy",None of the above,"Mirzapur, Made in heaven",None of the above,None of the above,18-30,Family/Friends Recommendation;Social Media,"Cast, Story",Less than 1 year,"Search option, Recommendation",Good,No need
2021/04/28 2:41:40 PM GMT+5:30,Yes,Daily,Prime,Original web series,"Action,Drama",None of the above,"Mirzapur, Made in heaven, Tandav",None of the above,None of the above,31-50,Family/Friends Recommendation;Social Media,"Cast, Story",More than 2 years,Search option,Excellent,No
